-- phpMyAdmin SQL Dump
-- version 3.2.0.1
-- http://www.phpmyadmin.net
--
-- Host: localhost
-- Waktu pembuatan: 07. April 2010 jam 20:24
-- Versi Server: 5.1.37
-- Versi PHP: 5.3.0

SET SQL_MODE="NO_AUTO_VALUE_ON_ZERO";

--
-- Database: `db_sistem`
--

-- --------------------------------------------------------

--
-- Struktur dari tabel `iconcls`
--

CREATE TABLE IF NOT EXISTS `iconcls` (
  `id` int(11) NOT NULL AUTO_INCREMENT,
  `title` varchar(32) NOT NULL,
  `clsname` varchar(128) NOT NULL,
  `icon` varchar(128) NOT NULL,
  PRIMARY KEY (`id`)
) ENGINE=MyISAM  DEFAULT CHARSET=latin1 AUTO_INCREMENT=86 ;

--
-- Dumping data untuk tabel `iconcls`
--

INSERT INTO `iconcls` (`id`, `title`, `clsname`, `icon`) VALUES
(1, 'Computer', 'base', 'application_cascade.png'),
(3, 'Check Password', 'chk-pwd', 'user_edit.png'),
(4, 'User Female', 'user-female', 'user_female.png'),
(50, 'user-manager', 'user-comment', 'user_go.png'),
(6, 'Logout', 'logout', 'key_go.png'),
(7, 'Login', 'login', 'lock_open.png'),
(8, 'Lock', 'lock', 'lock.png'),
(9, 'Browse', 'browse', 'grid.png'),
(10, 'Config', 'conf', 'cog_edit.png'),
(49, 'Application', 'app', 'plugin.gif'),
(12, 'Refresh', 'drop', 'table_refresh.png'),
(62, 'Duplicate', 'duplicate', 'table_multiple.png'),
(14, 'Menu Panel', 'mymenu', 'application_side_tree.png'),
(15, 'Navigator', 'navigator', 'application_side_boxes.png'),
(16, 'Setting', 'setting', 'application_get.png'),
(17, 'Form', 'form', 'application_form.png'),
(18, 'Add data', 'add-data', 'add.png'),
(19, 'Table Delete', 'table-delete', 'table_delete.png'),
(20, 'Table Addc', 'table-add', 'table_add.png'),
(21, 'Row Delete', 'row-delete', 'cancel.png'),
(22, 'App Grid', 'app-grid', 'table.png'),
(23, 'Form Edit', 'form-edit', 'application_form_edit.png'),
(24, 'Report Mode', 'report-mode', 'report_disk.png'),
(25, 'Report Pdf', 'report-pdf', 'page_white_acrobat.png'),
(26, 'Report Xls', 'report-xls', 'page_white_excel.png'),
(27, 'Parent Form', 'parent-form', 'vcard.png'),
(28, 'Arrow Down', 'arrow-down', 'arrow_down.png'),
(29, 'App Add', 'app-add', 'plugin_add.gif'),
(30, 'Panel Collapse', 'panel-collapse', 'application_put.png'),
(31, 'Image Add', 'image-add', 'image_add.png'),
(32, 'Db Table', 'db-table', 'database_table.png'),
(33, 'Db Refresh', 'db-refresh', 'database_refresh.png'),
(34, 'Menu Add', 'menu-add', 'page.png'),
(35, 'Sub Menu Add', 'submenu-add', 'page_add.png'),
(36, 'Menu Remove', 'menu-remove', 'page_delete.png'),
(37, 'Save', 'icon-save', 'disk.png'),
(38, 'Accept', 'accept', 'accept.png'),
(39, 'Js File', 'js-file', 'page_white_code.png'),
(40, 'Php File', 'php-file', 'page_white_php.png'),
(41, 'Image', 'image', 'images.png'),
(55, 'rss', 'rss', 'rss.png'),
(45, 'Event Menu', 'event-menu', 'attach.png'),
(48, 'Css Refresh', 'css-refresh', 'css_valid.png'),
(52, 'error', 'error-cls', 'error.png'),
(61, 'autosave', 'autosave', 'server_link.png'),
(64, 'pindah-kk', 'pindah-kk', 'book_go.png'),
(65, 'kk-baru', 'kk-baru', 'book_key.png'),
(66, 'split-kk', 'split-kk', 'book_open.png'),
(67, 'csv', 'csv', 'page_white_text.png'),
(68, 'upload', 'upload', 'page_attach.png'),
(69, 'group-manager', 'group-manager', 'group.png'),
(70, 'group-delete', 'group-delete', 'group_delete.png'),
(71, 'group-add', 'group-add', 'group_add.png'),
(72, 'user-delete', 'user-delete', 'user_delete.gif'),
(73, 'user-add', 'user-add', 'user_add.gif'),
(74, 'admin-page', 'admin-page', 'cog_error.png'),
(75, 'menu-disabled', 'check-none', 'plugin_disabled.png'),
(77, 'statistik', 'stat', 'chart_bar.png'),
(78, 'stat-line', 'stat-line', 'chart_curve.png'),
(79, 'stat-pie', 'stat-pie', 'chart_pie.png'),
(80, 'stat-bar', 'stat-bar', 'chart_bar_edit.png'),
(82, 'stat-line2', 'stat-line2', 'chart_line.png'),
(83, 'report-word', 'report-word', 'page_white_word.png'),
(84, 'arr', 'arrow-up', 'arrow_up.png'),
(85, 'sort', 'sort', 'text_padding_right.png');

-- --------------------------------------------------------

--
-- Struktur dari tabel `menu`
--

CREATE TABLE IF NOT EXISTS `menu` (
  `id` int(11) NOT NULL AUTO_INCREMENT,
  `parent_id` int(11) NOT NULL DEFAULT '0',
  `title` varchar(32) NOT NULL,
  `iconcls` varchar(32) NOT NULL,
  `handler` varchar(128) NOT NULL,
  `ajax` varchar(128) NOT NULL,
  `report` varchar(128) NOT NULL,
  `published` tinyint(1) NOT NULL DEFAULT '1',
  `sort_id` int(11) NOT NULL DEFAULT '0',
  PRIMARY KEY (`id`)
) ENGINE=MyISAM  DEFAULT CHARSET=latin1 AUTO_INCREMENT=113 ;

--
-- Dumping data untuk tabel `menu`
--

INSERT INTO `menu` (`id`, `parent_id`, `title`, `iconcls`, `handler`, `ajax`, `report`, `published`, `sort_id`) VALUES
(1, 0, 'Input Data', 'app-add', '', '', '', 1, 1),
(2, 0, 'Lihat Data', 'db-table', '', '', '', 1, 92),
(3, 1, 'Input Data Penduduk', 'table-add', 'gridpenduduk.js', 'ajax.penduduk2.php', '', 1, 2),
(4, 1, 'Form Pendatang', 'app', 'frm_datang.js', 'ajax.datang.php', '', 1, 12),
(5, 2, 'Data Kepala Keluarga', 'app-grid', 'data_kepala_keluarga.js', 'ajax.penduduk.php', 'report_kepala.php', 1, 5),
(6, 2, 'Data Penduduk', 'app-grid', 'data_all.js', 'ajax.penduduk.php', 'report_penduduk.php', 1, 6),
(7, 2, 'Data Orang Meninggal', 'app-grid', 'data_death.js', 'ajax.death.php', 'report_death.php', 1, 10),
(94, 92, 'Statistik Kelahiran', 'stat-line2', 'chart_kelahiran.js', 'ajax.stat-kelahiran.php', '', 1, 94),
(9, 2, 'Data Orang Pindah', 'app-grid', 'data_pindah.js', 'ajax.pindah.php', 'report_pindah.php', 1, 7),
(10, 2, 'Data Pendatang', 'app-grid', 'data_datang.js', 'ajax.datang.php', 'report_datang.php', 1, 9),
(11, 1, 'Form Orang Meninggal', 'app', 'frm_kematian.js', 'ajax.death.php', '', 1, 82),
(12, 1, 'Form Kelahiran', 'app', 'frm_kelahiran.js', 'ajax.kelahiran.php', 'report_kelahiran.php', 1, 11),
(81, 1, 'Form Pindah', 'app', 'frm_pindah.js', 'ajax.pindah.php', 'report_pindah_group.php', 1, 81),
(95, 92, 'Statistik Kematian', 'stat-line', 'chart_mati.js', 'ajax.stat-mati.php', '', 1, 97),
(93, 92, 'Statistik Penduduk', 'stat-pie', 'chart_penduduk.js', 'ajax.stat-penduduk.php', '', 1, 93),
(92, 0, 'Statistik Data', 'stat', '', '', '', 1, 98),
(82, 1, 'Input Data Per kepala Keluarga', 'app', 'frm_keluarga.js', 'ajax.penduduk.php', '', 0, 3),
(96, 92, 'Statistik Orang Pindah', 'stat-line', 'chart_pindah.js', 'ajax.stat-pindah.php', '', 1, 96),
(97, 92, 'Statistik Pendatang', 'stat-line', 'chart_pendatang.js', 'ajax.stat-pendatang.php', '', 1, 95),
(98, 1, 'Pengelola Foto', 'image', 'foto_manager.js', 'ajax.foto_manager.php', 'report_foto.pdf.php', 1, 4),
(101, 106, 'Surat Penagihan', 'app', 'sppk.js', 'ajax.sppk.php', '', 0, 102),
(102, 106, 'Surat Pembayaran', 'admin-page', 'spanpbj.js', 'ajax.spanpbj.php', 'report_spanpbj.php', 0, 107),
(103, 0, 'Surat Menyurat', 'upload', 'surat.js', 'ajax.surat.php', 'report_surat.php', 1, 103),
(104, 106, 'Peninjuan', 'app', 'peny.js', 'ajax.peny.php', '', 0, 111),
(106, 0, 'Temp', 'check-none', '', '', '', 1, 106),
(107, 106, 'Pagu', 'app', 'pagu.js', 'ajax.pagu.php', '', 1, 108),
(108, 106, 'Trans', 'app', 'trans.js', 'ajax.trans.php', '', 1, 112),
(112, 106, 'Realisasi Statistik', 'stat', 'realisasi.js', 'ajax.realisasi.php', '', 1, 101);

-- --------------------------------------------------------

--
-- Struktur dari tabel `menu_event`
--

CREATE TABLE IF NOT EXISTS `menu_event` (
  `id` int(11) NOT NULL AUTO_INCREMENT,
  `menu_id` int(11) NOT NULL,
  `event_name` varchar(128) NOT NULL,
  PRIMARY KEY (`id`)
) ENGINE=MyISAM  DEFAULT CHARSET=latin1 AUTO_INCREMENT=96 ;

--
-- Dumping data untuk tabel `menu_event`
--

INSERT INTO `menu_event` (`id`, `menu_id`, `event_name`) VALUES
(32, 3, 'ADD_DATA'),
(33, 3, 'DUPLICATE_DATA'),
(34, 3, 'DELETE_DATA'),
(35, 3, 'UPLOAD_CSV'),
(9, 80, 'LOCK_DATA'),
(10, 80, 'PRINT_DATA'),
(11, 80, 'VIEW_DATA'),
(12, 80, 'REMOVE_DATA'),
(13, 80, 'EDIT_DATAx'),
(14, 80, 'ADD_DATA'),
(41, 4, 'SAVE_DATA'),
(42, 11, 'SAVE_DATA'),
(43, 12, 'SAVE_DATA'),
(40, 5, 'SAVE_PARENT'),
(44, 12, 'REMOVE_DATA'),
(45, 12, 'PRINT_DATA'),
(46, 81, 'SAVE_DATA'),
(47, 82, 'SAVE_DATA'),
(48, 5, 'SAVE_CHILD'),
(49, 5, 'PRINT_DATA'),
(50, 5, 'ADD_CHILD'),
(51, 5, 'REMOVE_DATA'),
(52, 6, 'REMOVE_PARENT'),
(53, 6, 'EDIT_PARENT'),
(54, 6, 'PRINT_DATA'),
(55, 6, 'SAVE_CHILD'),
(56, 7, 'CANCEL_DATA'),
(57, 7, 'EDIT_DATA'),
(58, 7, 'PRINT_DATA'),
(59, 9, 'REMOVE_DATA'),
(60, 9, 'PRINT_DATA'),
(61, 9, 'SAVE_DATA'),
(62, 10, 'SAVE_DATA'),
(63, 10, 'REMOVE_DATA'),
(64, 10, 'PRINT_DATA'),
(65, 6, 'SAVE_PARENT'),
(67, 98, 'CHANGE_IMAGE'),
(68, 98, 'REMOVE_PIC'),
(69, 98, 'PRINT_DATA'),
(70, 9, 'SURAT_PINDAH'),
(73, 3, 'DOWNLOAD_XLS'),
(74, 102, 'ADD_DATA'),
(75, 102, 'PRINT_DATA'),
(76, 102, 'REMOVE_DATA'),
(77, 102, 'EDIT_DATA'),
(78, 104, 'PRINT_DATA'),
(79, 104, 'REMOVE_DATA'),
(80, 104, 'EDIT_DATA'),
(81, 104, 'ADD_DATA'),
(82, 103, 'PRINT_DATA'),
(83, 103, 'REMOVE_DATA'),
(84, 103, 'EDIT_DATA'),
(85, 103, 'ADD_DATA'),
(87, 107, 'ADD_DATA'),
(88, 107, 'EDIT_DATA'),
(89, 107, 'REMOVE_DATA'),
(90, 107, 'PRINT_DATA'),
(91, 108, 'ADD_DATA'),
(92, 108, 'EDIT_DATA'),
(93, 108, 'REMOVE_DATA'),
(94, 108, 'PRINT_DATA');

-- --------------------------------------------------------

--
-- Struktur dari tabel `role_menu_event_group`
--

CREATE TABLE IF NOT EXISTS `role_menu_event_group` (
  `role_menu_event_id` int(11) NOT NULL AUTO_INCREMENT,
  `role_id` int(11) DEFAULT NULL,
  `group_id` int(11) DEFAULT NULL,
  `is_active` int(11) NOT NULL DEFAULT '0',
  PRIMARY KEY (`role_menu_event_id`)
) ENGINE=MyISAM  DEFAULT CHARSET=latin1 AUTO_INCREMENT=580 ;

--
-- Dumping data untuk tabel `role_menu_event_group`
--

INSERT INTO `role_menu_event_group` (`role_menu_event_id`, `role_id`, `group_id`, `is_active`) VALUES
(244, 47, 2, 1),
(243, 47, 1, 1),
(242, 46, 2, 1),
(220, 14, 2, 0),
(207, 32, 1, 1),
(241, 46, 1, 1),
(240, 45, 2, 0),
(239, 45, 1, 1),
(230, 40, 2, 1),
(229, 40, 1, 1),
(236, 43, 2, 1),
(238, 44, 2, 1),
(234, 42, 2, 1),
(232, 41, 2, 1),
(224, 35, 2, 1),
(223, 34, 2, 1),
(222, 33, 2, 1),
(221, 32, 2, 1),
(209, 34, 1, 1),
(210, 35, 1, 1),
(208, 33, 1, 1),
(202, 14, 1, 0),
(201, 13, 1, 0),
(200, 12, 1, 0),
(199, 11, 1, 0),
(198, 10, 1, 0),
(197, 9, 1, 0),
(219, 13, 2, 0),
(218, 12, 2, 0),
(217, 11, 2, 0),
(216, 10, 2, 0),
(215, 9, 2, 0),
(235, 43, 1, 1),
(237, 44, 1, 1),
(233, 42, 1, 1),
(231, 41, 1, 1),
(245, 48, 1, 1),
(246, 48, 2, 1),
(247, 49, 1, 1),
(248, 49, 2, 0),
(249, 50, 1, 1),
(250, 50, 2, 1),
(251, 51, 1, 1),
(252, 51, 2, 1),
(253, 52, 1, 1),
(254, 52, 2, 1),
(255, 53, 1, 1),
(256, 53, 2, 1),
(257, 54, 1, 1),
(258, 54, 2, 0),
(259, 55, 1, 1),
(260, 55, 2, 1),
(261, 56, 1, 1),
(262, 56, 2, 1),
(263, 57, 1, 1),
(264, 57, 2, 1),
(265, 58, 1, 1),
(266, 58, 2, 0),
(267, 59, 1, 1),
(268, 59, 2, 1),
(269, 60, 1, 1),
(270, 60, 2, 0),
(271, 61, 1, 1),
(272, 61, 2, 1),
(273, 62, 1, 1),
(274, 62, 2, 1),
(275, 63, 1, 1),
(276, 63, 2, 1),
(277, 64, 1, 1),
(278, 64, 2, 0),
(348, 64, 4, 1),
(347, 63, 4, 0),
(346, 62, 4, 0),
(345, 61, 4, 0),
(344, 60, 4, 1),
(343, 59, 4, 0),
(342, 58, 4, 1),
(341, 57, 4, 0),
(340, 56, 4, 0),
(339, 55, 4, 0),
(338, 54, 4, 1),
(337, 53, 4, 0),
(336, 52, 4, 0),
(335, 51, 4, 0),
(334, 50, 4, 0),
(333, 49, 4, 1),
(332, 48, 4, 0),
(331, 47, 4, 0),
(330, 46, 4, 0),
(329, 45, 4, 0),
(328, 44, 4, 0),
(327, 43, 4, 0),
(326, 42, 4, 0),
(325, 41, 4, 0),
(324, 40, 4, 0),
(323, 35, 4, 0),
(322, 34, 4, 0),
(321, 33, 4, 0),
(320, 32, 4, 0),
(319, 14, 4, 0),
(318, 13, 4, 0),
(317, 12, 4, 0),
(316, 11, 4, 0),
(315, 10, 4, 0),
(314, 9, 4, 0),
(349, 9, 5, 0),
(350, 10, 5, 0),
(351, 11, 5, 0),
(352, 12, 5, 0),
(353, 13, 5, 0),
(354, 14, 5, 0),
(355, 32, 5, 0),
(356, 33, 5, 0),
(357, 34, 5, 0),
(358, 35, 5, 0),
(359, 40, 5, 0),
(360, 41, 5, 0),
(361, 42, 5, 0),
(362, 43, 5, 0),
(363, 44, 5, 0),
(364, 45, 5, 0),
(365, 46, 5, 0),
(366, 47, 5, 0),
(367, 48, 5, 0),
(368, 49, 5, 0),
(369, 50, 5, 0),
(370, 51, 5, 0),
(371, 52, 5, 0),
(372, 53, 5, 0),
(373, 54, 5, 0),
(374, 55, 5, 0),
(375, 56, 5, 0),
(376, 57, 5, 0),
(377, 58, 5, 0),
(378, 59, 5, 0),
(379, 60, 5, 0),
(380, 61, 5, 0),
(381, 62, 5, 0),
(382, 63, 5, 0),
(383, 64, 5, 0),
(384, 65, 1, 1),
(385, 65, 2, 1),
(386, 65, 4, 0),
(387, 65, 5, 0),
(475, 69, 5, 0),
(474, 69, 4, 1),
(473, 69, 2, 0),
(472, 69, 1, 1),
(471, 68, 5, 0),
(470, 68, 4, 0),
(469, 68, 2, 1),
(468, 68, 1, 1),
(467, 67, 5, 0),
(466, 67, 4, 0),
(465, 67, 2, 1),
(464, 67, 1, 1),
(476, 70, 1, 1),
(477, 70, 2, 0),
(478, 70, 4, 1),
(479, 70, 5, 0),
(491, 73, 5, 0),
(490, 73, 4, 0),
(489, 73, 2, 1),
(488, 73, 1, 1),
(492, 74, 1, 1),
(493, 74, 2, 0),
(494, 74, 4, 0),
(495, 74, 5, 0),
(496, 75, 1, 1),
(497, 76, 1, 1),
(498, 77, 1, 1),
(499, 75, 2, 0),
(500, 76, 2, 0),
(501, 77, 2, 0),
(502, 75, 4, 0),
(503, 76, 4, 0),
(504, 77, 4, 0),
(505, 75, 5, 0),
(506, 76, 5, 0),
(507, 77, 5, 0),
(508, 78, 1, 1),
(509, 79, 1, 1),
(510, 80, 1, 1),
(511, 81, 1, 1),
(512, 78, 2, 0),
(513, 79, 2, 0),
(514, 80, 2, 0),
(515, 81, 2, 0),
(516, 78, 4, 0),
(517, 79, 4, 0),
(518, 80, 4, 0),
(519, 81, 4, 0),
(520, 78, 5, 0),
(521, 79, 5, 0),
(522, 80, 5, 0),
(523, 81, 5, 0),
(524, 82, 1, 1),
(525, 83, 1, 1),
(526, 84, 1, 1),
(527, 85, 1, 1),
(528, 82, 2, 0),
(529, 83, 2, 0),
(530, 84, 2, 0),
(531, 85, 2, 0),
(532, 82, 4, 1),
(533, 83, 4, 0),
(534, 84, 4, 0),
(535, 85, 4, 0),
(536, 82, 5, 0),
(537, 83, 5, 0),
(538, 84, 5, 0),
(539, 85, 5, 0),
(547, 87, 5, 0),
(546, 87, 4, 0),
(545, 87, 2, 0),
(544, 87, 1, 1),
(548, 88, 1, 1),
(549, 88, 2, 0),
(550, 88, 4, 0),
(551, 88, 5, 0),
(552, 89, 1, 1),
(553, 89, 2, 0),
(554, 89, 4, 0),
(555, 89, 5, 0),
(556, 90, 1, 1),
(557, 90, 2, 0),
(558, 90, 4, 0),
(559, 90, 5, 0),
(560, 91, 1, 1),
(561, 91, 2, 0),
(562, 91, 4, 0),
(563, 91, 5, 0),
(564, 92, 1, 1),
(565, 92, 2, 0),
(566, 92, 4, 0),
(567, 92, 5, 0),
(568, 93, 1, 1),
(569, 93, 2, 0),
(570, 93, 4, 0),
(571, 93, 5, 0),
(572, 94, 1, 1),
(573, 94, 2, 0),
(574, 94, 4, 0),
(575, 94, 5, 0);

-- --------------------------------------------------------

--
-- Struktur dari tabel `role_menu_group`
--

CREATE TABLE IF NOT EXISTS `role_menu_group` (
  `role_menu_id` int(11) NOT NULL AUTO_INCREMENT,
  `menu_id` int(11) DEFAULT NULL,
  `group_id` int(11) DEFAULT NULL,
  `is_active` tinyint(1) NOT NULL DEFAULT '0',
  PRIMARY KEY (`role_menu_id`)
) ENGINE=MyISAM  DEFAULT CHARSET=latin1 AUTO_INCREMENT=565 ;

--
-- Dumping data untuk tabel `role_menu_group`
--

INSERT INTO `role_menu_group` (`role_menu_id`, `menu_id`, `group_id`, `is_active`) VALUES
(443, 96, 2, 0),
(426, 82, 4, 0),
(442, 96, 1, 1),
(387, 1, 2, 1),
(441, 95, 4, 0),
(383, 82, 1, 1),
(440, 95, 2, 0),
(382, 81, 1, 1),
(439, 95, 1, 1),
(438, 94, 4, 0),
(437, 94, 2, 0),
(436, 94, 1, 1),
(435, 93, 4, 0),
(434, 93, 2, 0),
(433, 93, 1, 1),
(432, 92, 4, 0),
(425, 81, 4, 0),
(381, 12, 1, 1),
(431, 92, 2, 0),
(424, 12, 4, 0),
(380, 11, 1, 1),
(430, 92, 1, 1),
(450, 3, 5, 0),
(449, 2, 5, 0),
(448, 1, 5, 0),
(423, 11, 4, 0),
(422, 10, 4, 1),
(421, 9, 4, 1),
(420, 7, 4, 1),
(419, 6, 4, 1),
(418, 5, 4, 1),
(417, 4, 4, 0),
(416, 3, 4, 0),
(415, 2, 4, 1),
(379, 10, 1, 1),
(378, 9, 1, 1),
(377, 7, 1, 1),
(376, 6, 1, 1),
(375, 5, 1, 1),
(374, 4, 1, 1),
(373, 3, 1, 1),
(372, 2, 1, 1),
(371, 1, 1, 1),
(414, 1, 4, 1),
(399, 82, 2, 1),
(398, 81, 2, 1),
(397, 12, 2, 1),
(396, 11, 2, 1),
(395, 10, 2, 1),
(394, 9, 2, 1),
(393, 7, 2, 1),
(392, 6, 2, 1),
(391, 5, 2, 1),
(390, 4, 2, 1),
(389, 3, 2, 1),
(388, 2, 2, 1),
(444, 96, 4, 0),
(445, 97, 1, 1),
(446, 97, 2, 0),
(447, 97, 4, 0),
(451, 4, 5, 0),
(452, 5, 5, 0),
(453, 6, 5, 0),
(454, 7, 5, 0),
(455, 9, 5, 0),
(456, 10, 5, 0),
(457, 11, 5, 0),
(458, 12, 5, 0),
(459, 81, 5, 0),
(460, 82, 5, 0),
(461, 92, 5, 1),
(462, 93, 5, 1),
(463, 94, 5, 1),
(464, 95, 5, 1),
(465, 96, 5, 1),
(466, 97, 5, 1),
(508, 98, 5, 0),
(507, 98, 4, 1),
(506, 98, 2, 1),
(505, 98, 1, 1),
(524, 102, 5, 0),
(523, 102, 4, 0),
(522, 102, 2, 0),
(521, 102, 1, 1),
(520, 101, 5, 0),
(519, 101, 4, 0),
(518, 101, 2, 0),
(517, 101, 1, 1),
(525, 103, 1, 1),
(526, 103, 2, 0),
(527, 103, 4, 1),
(528, 103, 5, 0),
(529, 104, 1, 1),
(530, 104, 2, 0),
(531, 104, 4, 0),
(532, 104, 5, 0),
(540, 106, 5, 0),
(539, 106, 4, 0),
(538, 106, 2, 0),
(537, 106, 1, 1),
(541, 107, 1, 1),
(542, 107, 2, 0),
(543, 107, 4, 0),
(544, 107, 5, 0),
(545, 108, 1, 1),
(546, 108, 2, 0),
(547, 108, 4, 0),
(548, 108, 5, 0),
(564, 112, 5, 0),
(563, 112, 4, 0),
(562, 112, 2, 0),
(561, 112, 1, 1);

-- --------------------------------------------------------

--
-- Struktur dari tabel `users`
--

CREATE TABLE IF NOT EXISTS `users` (
  `user_id` int(11) NOT NULL AUTO_INCREMENT,
  `user_name` varchar(64) DEFAULT NULL,
  `group_id` int(11) DEFAULT NULL,
  `real_name` varchar(128) DEFAULT NULL,
  `last_login` datetime DEFAULT NULL,
  `count_login` int(11) DEFAULT '0',
  `date_created` datetime DEFAULT NULL,
  `user_password` varchar(128) DEFAULT NULL,
  `is_active` tinyint(1) DEFAULT NULL,
  PRIMARY KEY (`user_id`),
  UNIQUE KEY `user_name` (`user_name`)
) ENGINE=MyISAM  DEFAULT CHARSET=latin1 AUTO_INCREMENT=23 ;

--
-- Dumping data untuk tabel `users`
--

INSERT INTO `users` (`user_id`, `user_name`, `group_id`, `real_name`, `last_login`, `count_login`, `date_created`, `user_password`, `is_active`) VALUES
(1, 'admin', 1, 'Administrator System', '2010-04-07 19:29:17', 85, '2010-02-28 15:03:33', 'd2lubmVy', 1);

-- --------------------------------------------------------

--
-- Struktur dari tabel `user_group`
--

CREATE TABLE IF NOT EXISTS `user_group` (
  `group_id` int(11) NOT NULL AUTO_INCREMENT,
  `group_name` varchar(128) DEFAULT NULL,
  `group_description` varchar(128) DEFAULT NULL,
  PRIMARY KEY (`group_id`),
  UNIQUE KEY `group_name` (`group_name`)
) ENGINE=MyISAM  DEFAULT CHARSET=latin1 AUTO_INCREMENT=8 ;

--
-- Dumping data untuk tabel `user_group`
--

INSERT INTO `user_group` (`group_id`, `group_name`, `group_description`) VALUES
(1, 'Administrator', 'Super Administrator');
